BIN,RANGE_FROM,RANGE_TO,BANK,CARD_TYPE
400079,400079000,400079346,BANK 1,PLATINUM
400079,400079349,400079350,BANK 1,PLATINUM
400079,400079351,400079351,BANK 1,PLATINUM
400079,400079352,400079528,BANK 1,PLATINUM
400079,400079529,400079529,BANK 1,PLATINUM
400079,400079530,400079646,BANK 1,PLATINUM
400079,400079649,400079999,BANK 1,PLATINUM
400244,400244000,400244972,BANK 2,PLATINUM
400244,400244973,400244973,BANK 2,PLATINUM
400244,400244974,400244999,BANK 2,PLATINUM
400628,400628000,400628199,BANK 3,PLATINUM
400628,400628200,400628209,BANK 3,PLATINUM
400628,400628210,400628999,BANK 3,PLATINUM
400774,400774000,400774500,BANK 4,INFINITE
400774,400774501,400774501,BANK 4,INFINITE
400774,400774502,400774999,BANK 4,INFINITE
400787,400787000,400787500,BANK 4,PLATINUM
400787,400787501,400787501,BANK 4,PLATINUM
400787,400787502,400787999,BANK 4,PLATINUM
401376,401376000,401376699,BANK 5,INFINITE
401376,401376700,401376999,BANK 5,INFINITE
401605,401605000,401605004,BANK 6,INFINITE
401605,401605005,401605009,BANK 6,INFINITE
401605,401605010,401605999,BANK 6,INFINITE
402105,402105000,402105000,BANK 7,INFINITE
402105,402105001,402105998,BANK 7,INFINITE
402105,402105999,402105999,BANK 7,INFINITE
402326,402326998,402326998,BANK 8,PLATINUM
402457,402457000,402457001,BANK 9,PLATINUM
402457,402457002,402457999,BANK 9,PLATINUM
402948,402948000,402948099,BANK 6,SIGNATURE
402948,402948100,402948199,BANK 6,SIGNATURE
402948,402948200,402948999,BANK 6,SIGNATURE
403424,403424000,403424009,BANK 10,SIGNATURE
403424,403424010,403424079,BANK 10,SIGNATURE
403424,403424080,403424999,BANK 10,SIGNATURE
403447,403447000,403447009,BANK 10,SIGNATURE
403447,403447010,403447079,BANK 10,SIGNATURE
403447,403447080,403447999,BANK 10,SIGNATURE
403681,403681000,403681899,BANK 11,PLATINUM
403681,403681900,403681999,BANK 11,PLATINUM
403780,403780000,403780000,BANK 12,PLATINUM
403780,403780002,403780009,BANK 12,PLATINUM
403780,403780010,403780999,BANK 12,PLATINUM
403809,403809000,403809099,BANK 13,PLATINUM
403809,403809100,403809980,BANK 13,PLATINUM
403809,403809981,403809981,BANK 13,PLATINUM
403809,403809982,403809999,BANK 13,PLATINUM
403841,403841555,403841555,BANK 14,PLATINUM
403841,403841815,403841815,BANK 14,INFINITE
404136,404136000,404136000,BANK 15,PLATINUM
404136,404136001,404136010,BANK 15,PLATINUM
404136,404136011,404136059,BANK 15,PLATINUM
404136,404136060,404136094,BANK 15,PLATINUM
404136,404136095,404136095,BANK 15,PLATINUM
404136,404136096,404136199,BANK 15,PLATINUM
404136,404136200,404136259,BANK 15,PLATINUM
404136,404136260,404136294,BANK 15,PLATINUM
404136,404136295,404136295,BANK 15,PLATINUM
404136,404136296,404136299,BANK 15,PLATINUM
404136,404136300,404136300,BANK 15,PLATINUM
404136,404136301,404136310,BANK 15,PLATINUM
404136,404136311,404136359,BANK 15,PLATINUM
404136,404136360,404136394,BANK 15,PLATINUM
404136,404136395,404136395,BANK 15,PLATINUM
404136,404136396,404136902,BANK 15,PLATINUM
404136,404136903,404136904,BANK 15,PLATINUM
404136,404136905,404136910,BANK 15,PLATINUM
404136,404136911,404136959,BANK 15,PLATINUM
404136,404136960,404136994,BANK 15,PLATINUM
404136,404136995,404136995,BANK 15,PLATINUM
404136,404136996,404136999,BANK 15,PLATINUM
404224,404224000,404224000,BANK 16,PLATINUM
404224,404224001,404224699,BANK 16,PLATINUM
404224,404224700,404224700,BANK 16,PLATINUM
404224,404224701,404224708,BANK 16,PLATINUM
404224,404224709,404224709,BANK 16,PLATINUM
404224,404224710,404224999,BANK 16,PLATINUM
404586,404586000,404586099,BANK 17,PLATINUM
404586,404586100,404586102,BANK 17,PLATINUM
404586,404586103,404586999,BANK 17,PLATINUM
404593,404593000,404593189,BANK 18,PLATINUM
404593,404593190,404593259,BANK 18,PLATINUM
404593,404593260,404593289,BANK 18,PLATINUM
404593,404593290,404593379,BANK 18,PLATINUM
404593,404593380,404593487,BANK 18,PLATINUM
404593,404593488,404593520,BANK 18,PLATINUM
404593,404593521,404593799,BANK 18,PLATINUM
404593,404593800,404593889,BANK 18,PLATINUM
404593,404593890,404593999,BANK 18,PLATINUM
404730,404730000,404730079,BANK 19,PLATINUM
404730,404730080,404730099,BANK 19,PLATINUM
404730,404730100,404730699,BANK 19,PLATINUM
404730,404730700,404730719,BANK 19,INFINITE
404730,404730720,404730999,BANK 19,INFINITE
404807,404807000,404807599,BANK 20,PLATINUM
404807,404807600,404807600,BANK 20,PLATINUM
404807,404807601,404807642,BANK 20,PLATINUM
404807,404807643,404807643,BANK 20,PLATINUM
404807,404807644,404807703,BANK 20,PLATINUM
404807,404807704,404807704,BANK 20,PLATINUM
404807,404807705,404807710,BANK 20,PLATINUM
404807,404807711,404807711,BANK 20,PLATINUM
404807,404807712,404807776,BANK 20,PLATINUM
404807,404807777,404807777,BANK 20,PLATINUM
404807,404807778,404807839,BANK 20,PLATINUM
404807,404807840,404807840,BANK 20,PLATINUM
404807,404807841,404807977,BANK 20,PLATINUM
404807,404807978,404807978,BANK 20,PLATINUM
404807,404807979,404807999,BANK 20,PLATINUM
404885,404885000,404885499,BANK 20,PLATINUM
404885,404885500,404885500,BANK 20,PLATINUM
404885,404885501,404885501,BANK 20,PLATINUM
404885,404885502,404885504,BANK 20,PLATINUM
404885,404885505,404885511,BANK 20,PLATINUM
404885,404885515,404885603,BANK 20,PLATINUM
404885,404885604,404885604,BANK 20,PLATINUM
404885,404885605,404885610,BANK 20,PLATINUM
404885,404885611,404885611,BANK 20,PLATINUM
404885,404885612,404885642,BANK 20,PLATINUM
404885,404885643,404885643,BANK 20,PLATINUM
404885,404885644,404885697,BANK 20,PLATINUM
404885,404885698,404885698,BANK 20,PLATINUM
404885,404885699,404885839,BANK 20,PLATINUM
404885,404885840,404885840,BANK 20,PLATINUM
404885,404885841,404885977,BANK 20,PLATINUM
404885,404885978,404885978,BANK 20,PLATINUM
404885,404885979,404885999,BANK 20,PLATINUM
405436,405436000,405436000,BANK 21,SIGNATURE
405436,405436001,405436005,BANK 21,SIGNATURE
405436,405436006,405436999,BANK 21,SIGNATURE
405676,405676000,405676000,BANK 22,PLATINUM
405676,405676001,405676099,BANK 22,PLATINUM
405676,405676100,405676100,BANK 22,PLATINUM
405676,405676101,405676999,BANK 22,PLATINUM
405899,405899000,405899099,BANK 23,PLATINUM
405899,405899100,405899499,BANK 23,PLATINUM
405899,405899500,405899999,BANK 23,PLATINUM
405991,405991000,405991009,BANK 24,PLATINUM
405991,405991010,405991999,BANK 24,PLATINUM
406128,406128000,406128001,BANK 25,PLATINUM
406128,406128001,406128001,BANK 25,PLATINUM
406128,406128001,406128999,BANK 25,PLATINUM
406140,406140000,406140009,BANK 26,PLATINUM
406140,406140010,406140010,BANK 26,PLATINUM
406140,406140010,406140011,BANK 26,PLATINUM
406140,406140012,406140019,BANK 26,PLATINUM
406140,406140020,406140020,BANK 26,PLATINUM
406140,406140021,406140999,BANK 26,PLATINUM
406334,406334000,406334389,BANK 27,INFINITE
406334,406334390,406334410,BANK 27,INFINITE
406334,406334411,406334999,BANK 27,INFINITE
406372,406372000,406372055,BANK 28,PLATINUM
406372,406372056,406372099,BANK 28,PLATINUM
406372,406372100,406372955,BANK 28,PLATINUM
406372,406372956,406372999,BANK 28,PLATINUM
406767,406767000,406767019,BANK 29,INFINITE
406767,406767020,406767089,BANK 29,INFINITE
406767,406767090,406767999,BANK 29,INFINITE
407347,407347000,407347682,BANK 1,INFINITE
407347,407347683,407347683,BANK 1,INFINITE
407347,407347684,407347999,BANK 1,INFINITE
407433,407433000,407433999,BANK 30,PLATINUM
407528,407528000,407528099,BANK 31,PLATINUM
407528,407528100,407528299,BANK 31,PLATINUM
407528,407528300,407528999,BANK 31,PLATINUM
408025,408025000,408025000,BANK 32,PLATINUM
408025,408025001,408025239,BANK 32,PLATINUM
408025,408025240,408025240,BANK 32,PLATINUM
408025,408025241,408025999,BANK 32,PLATINUM
408220,408220000,408220399,BANK 33,PLATINUM
408220,408220400,408220400,BANK 33,PLATINUM
408220,408220400,408220999,BANK 33,PLATINUM
408396,408396000,408396200,BANK 34,PLATINUM
408396,408396250,408396269,BANK 34,PLATINUM
408396,408396300,408396999,BANK 34,PLATINUM
408397,408397000,408397200,BANK 34,PLATINUM
408397,408397250,408397269,BANK 34,PLATINUM
408397,408397300,408397999,BANK 34,PLATINUM
409398,409398000,409398001,BANK 22,SIGNATURE
409398,409398002,409398999,BANK 22,SIGNATURE
409956,409956000,409956699,BANK 35,PLATINUM
409956,409956700,409956701,BANK 35,PLATINUM
409956,409956702,409956999,BANK 35,PLATINUM
410934,410934500,410934999,BANK 36,PLATINUM
411790,411790000,411790023,BANK 37,INFINITE
411790,411790024,411790024,BANK 37,INFINITE
411790,411790025,411790999,BANK 37,INFINITE
411900,411900000,411900000,BANK 38,INFINITE
411900,411900000,411900999,BANK 38,INFINITE
412584,412584000,412584112,BANK 39,PLATINUM
412584,412584113,412584113,BANK 39,PLATINUM
412584,412584113,412584122,BANK 39,PLATINUM
412584,412584123,412584124,BANK 39,PLATINUM
412584,412584124,412584999,BANK 39,PLATINUM
413064,413064000,413064149,BANK 22,PLATINUM
413064,413064151,413064159,BANK 22,PLATINUM
413064,413064160,413064999,BANK 22,PLATINUM
413250,413250000,413250010,BANK 27,PLATINUM
413250,413250011,413250020,BANK 27,PLATINUM
413250,413250021,413250089,BANK 27,PLATINUM
413250,413250090,413250102,BANK 27,PLATINUM
413250,413250103,413250141,BANK 27,PLATINUM
413250,413250142,413250142,BANK 27,PLATINUM
413250,413250143,413250150,BANK 27,PLATINUM
413250,413250153,413250999,BANK 27,PLATINUM
413307,413307000,413307299,BANK 17,SIGNATURE
413307,413307300,413307319,BANK 17,SIGNATURE
413307,413307320,413307999,BANK 17,SIGNATURE
414010,414010000,414010000,BANK 40,PLATINUM
414010,414010000,414010999,BANK 40,PLATINUM
414097,414097000,414097000,BANK 40,PLATINUM
414097,414097000,414097100,BANK 40,PLATINUM
414097,414097100,414097100,BANK 40,PLATINUM
414097,414097100,414097999,BANK 40,PLATINUM
415470,415470000,415470011,BANK 41,PLATINUM
415470,415470012,415470012,BANK 41,PLATINUM
415470,415470013,415470251,BANK 41,PLATINUM
415470,415470252,415470252,BANK 41,PLATINUM
415470,415470253,415470311,BANK 41,PLATINUM
415470,415470312,415470312,BANK 41,PLATINUM
415470,415470313,415470789,BANK 41,PLATINUM
415470,415470790,415470790,BANK 41,PLATINUM
415470,415470791,415470796,BANK 41,PLATINUM
415470,415470797,415470797,BANK 41,PLATINUM
415470,415470798,415470999,BANK 41,PLATINUM
415481,415481270,415481270,BANK 34,PLATINUM
415482,415482202,415482202,BANK 34,PLATINUM
415482,415482204,415482204,BANK 34,PLATINUM
415822,415822000,415822000,BANK 35,PLATINUM
415822,415822001,415822001,BANK 35,PLATINUM
415822,415822002,415822002,BANK 35,PLATINUM
415822,415822003,415822003,BANK 35,PLATINUM
415822,415822004,415822009,BANK 35,PLATINUM
415822,415822010,415822010,BANK 35,PLATINUM
415822,415822011,415822019,BANK 35,PLATINUM
415822,415822020,415822020,BANK 35,PLATINUM
415822,415822021,415822999,BANK 35,PLATINUM
418386,418386000,418386099,BANK 36,PLATINUM
418386,418386100,418386198,BANK 36,PLATINUM
418386,418386199,418386278,BANK 36,PLATINUM
418386,418386279,418386999,BANK 36,PLATINUM
419151,419151000,419151000,BANK 37,PLATINUM
419151,419151001,419151009,BANK 37,PLATINUM
419151,419151010,419151010,BANK 37,PLATINUM
419151,419151011,419151997,BANK 37,PLATINUM
419151,419151999,419151999,BANK 37,PLATINUM
419293,419293000,419293999,BANK 38,PLATINUM
419349,419349000,419349999,BANK 38,PLATINUM
419351,419351000,419351999,BANK 38,PLATINUM
419532,419532000,419532000,BANK 21,PLATINUM
419532,419532001,419532999,BANK 21,PLATINUM
419534,419534000,419534000,BANK 21,INFINITE
419534,419534001,419534999,BANK 21,INFINITE
419539,419539000,419539249,BANK 34,INFINITE
419539,419539250,419539250,BANK 34,INFINITE
419539,419539251,419539254,BANK 34,INFINITE
419539,419539255,419539255,BANK 34,INFINITE
419539,419539256,419539999,BANK 34,INFINITE
419540,419540000,419540199,BANK 34,INFINITE
419540,419540200,419540200,BANK 34,INFINITE
419540,419540201,419540204,BANK 34,INFINITE
419540,419540205,419540206,BANK 34,INFINITE
419540,419540207,419540276,BANK 34,INFINITE
419540,419540277,419540277,BANK 34,INFINITE
419540,419540278,419540278,BANK 34,INFINITE
419540,419540279,419540281,BANK 34,INFINITE
419540,419540282,419540999,BANK 34,INFINITE
419608,419608000,419608019,BANK 39,PLATINUM
419608,419608020,419608020,BANK 39,PLATINUM
419608,419608020,419608028,BANK 39,PLATINUM
419608,419608029,419608029,BANK 39,PLATINUM
419608,419608030,419608999,BANK 39,PLATINUM
419688,419688000,419688009,BANK 13,PLATINUM
419688,419688010,419688329,BANK 13,PLATINUM
419688,419688330,419688339,BANK 13,PLATINUM
419688,419688340,419688549,BANK 13,PLATINUM
419688,419688550,419688559,BANK 13,PLATINUM
419688,419688560,419688879,BANK 13,PLATINUM
419688,419688880,419688889,BANK 13,PLATINUM
419688,419688890,419688999,BANK 13,PLATINUM
419804,419804000,419804003,BANK 13,PLATINUM
419804,419804004,419804004,BANK 13,PLATINUM
419804,419804005,419804005,BANK 13,PLATINUM
419804,419804006,419804006,BANK 13,PLATINUM
419804,419804007,419804008,BANK 13,PLATINUM
419804,419804009,419804009,BANK 13,PLATINUM
419804,419804010,419804010,BANK 13,PLATINUM
419804,419804011,419804014,BANK 13,PLATINUM
419804,419804015,419804016,BANK 13,PLATINUM
419804,419804017,419804017,BANK 13,PLATINUM
419804,419804018,419804019,BANK 13,PLATINUM
419804,419804020,419804021,BANK 13,PLATINUM
419804,419804022,419804029,BANK 13,PLATINUM
419804,419804030,419804030,BANK 13,PLATINUM
419804,419804031,419804035,BANK 13,PLATINUM
419804,419804036,419804036,BANK 13,PLATINUM
419804,419804037,419804037,BANK 13,PLATINUM
419804,419804038,419804038,BANK 13,PLATINUM
419804,419804039,419804039,BANK 13,PLATINUM
419804,419804040,419804040,BANK 13,PLATINUM
419804,419804041,419804041,BANK 13,PLATINUM
419804,419804042,419804043,BANK 13,PLATINUM
419804,419804044,419804045,BANK 13,PLATINUM
419804,419804046,419804046,BANK 13,PLATINUM
419804,419804047,419804049,BANK 13,PLATINUM
419804,419804050,419804050,BANK 13,PLATINUM
419804,419804051,419804054,BANK 13,PLATINUM
419804,419804055,419804055,BANK 13,PLATINUM
419804,419804056,419804056,BANK 13,PLATINUM
419804,419804057,419804062,BANK 13,PLATINUM
419804,419804063,419804065,BANK 13,PLATINUM
419804,419804066,419804069,BANK 13,PLATINUM
419804,419804070,419804070,BANK 13,PLATINUM
419804,419804071,419804072,BANK 13,PLATINUM
419804,419804073,419804075,BANK 13,PLATINUM
419804,419804076,419804083,BANK 13,PLATINUM
419804,419804084,419804084,BANK 13,PLATINUM
419804,419804085,419804092,BANK 13,PLATINUM
419804,419804093,419804093,BANK 13,PLATINUM
419804,419804094,419804094,BANK 13,PLATINUM
419804,419804095,419804095,BANK 13,PLATINUM
419804,419804096,419804100,BANK 13,PLATINUM
419804,419804101,419804111,BANK 13,PLATINUM
419804,419804112,419804499,BANK 13,PLATINUM
419805,419805000,419805369,BANK 13,INFINITE
419805,419805370,419805370,BANK 13,INFINITE
419805,419805371,419805479,BANK 13,INFINITE
419805,419805480,419805499,BANK 13,INFINITE
419805,419805500,419805999,BANK 13,INFINITE
420244,420244000,420244009,BANK 10,INFINITE
420244,420244010,420244079,BANK 10,INFINITE
420244,420244080,420244999,BANK 10,INFINITE
420574,420574000,420574009,BANK 17,PLATINUM
420574,420574010,420574109,BANK 17,PLATINUM
420574,420574110,420574219,BANK 17,PLATINUM
420574,420574220,420574299,BANK 17,PLATINUM
420574,420574300,420574509,BANK 17,PLATINUM
420574,420574510,420574599,BANK 17,PLATINUM
420574,420574600,420574639,BANK 17,PLATINUM
420574,420574640,420574777,BANK 17,PLATINUM
420574,420574777,420574777,BANK 17,PLATINUM
420574,420574777,420574999,BANK 17,PLATINUM
421647,421647000,421647001,BANK 40,PLATINUM
421647,421647002,421647999,BANK 40,PLATINUM
422098,422098000,422098109,BANK 43,PLATINUM
422098,422098110,422098139,BANK 43,PLATINUM
422098,422098140,422098329,BANK 43,PLATINUM
422098,422098330,422098340,BANK 43,PLATINUM
422098,422098341,422098529,BANK 43,PLATINUM
422098,422098530,422098540,BANK 43,PLATINUM
422098,422098541,422098999,BANK 43,PLATINUM
422138,422138000,422138049,BANK 10,PLATINUM
422138,422138070,422138219,BANK 10,PLATINUM
422138,422138240,422138399,BANK 10,PLATINUM
422138,422138420,422138449,BANK 10,PLATINUM
422138,422138470,422138499,BANK 10,PLATINUM
422138,422138520,422138599,BANK 10,PLATINUM
422138,422138620,422138649,BANK 10,PLATINUM
422138,422138670,422138999,BANK 10,PLATINUM
422253,422253000,422253000,BANK 41,PLATINUM
422253,422253001,422253999,BANK 41,PLATINUM
422830,422830000,422830269,BANK 42,INFINITE
422830,422830269,422830269,BANK 42,INFINITE
422830,422830269,422830999,BANK 42,INFINITE
422831,422831000,422831275,BANK 42,PLATINUM
422831,422831275,422831275,BANK 42,PLATINUM
422831,422831275,422831999,BANK 42,PLATINUM
423218,423218000,423218000,BANK 44,INFINITE
423218,423218001,423218099,BANK 44,INFINITE
423218,423218100,423218990,BANK 44,INFINITE
423218,423218990,423218990,BANK 44,INFINITE
423218,423218991,423218999,BANK 44,INFINITE
423373,423373015,423373015,BANK 41,PLATINUM
423373,423373016,423373017,BANK 41,PLATINUM
423373,423373018,423373018,BANK 41,PLATINUM
423373,423373019,423373019,BANK 41,PLATINUM
423373,423373025,423373027,BANK 41,PLATINUM
423373,423373028,423373028,BANK 41,PLATINUM
423373,423373029,423373029,BANK 41,PLATINUM
423373,423373035,423373039,BANK 41,PLATINUM
423373,423373045,423373047,BANK 41,PLATINUM
423373,423373048,423373048,BANK 41,PLATINUM
423373,423373049,423373049,BANK 41,PLATINUM
423373,423373055,423373057,BANK 41,PLATINUM
423373,423373058,423373058,BANK 41,PLATINUM
423373,423373059,423373059,BANK 41,PLATINUM
423373,423373065,423373069,BANK 41,PLATINUM
423373,423373075,423373079,BANK 41,PLATINUM
423373,423373085,423373087,BANK 41,PLATINUM
423373,423373088,423373088,BANK 41,PLATINUM
423373,423373089,423373089,BANK 41,PLATINUM
423373,423373095,423373096,BANK 41,PLATINUM
423373,423373097,423373097,BANK 41,PLATINUM
423373,423373098,423373099,BANK 41,PLATINUM
423373,423373105,423373107,BANK 41,PLATINUM
423373,423373108,423373108,BANK 41,PLATINUM
423373,423373109,423373109,BANK 41,PLATINUM
423373,423373115,423373117,BANK 41,PLATINUM
423373,423373118,423373118,BANK 41,PLATINUM
423373,423373119,423373119,BANK 41,PLATINUM
423373,423373125,423373125,BANK 41,PLATINUM
423373,423373126,423373127,BANK 41,PLATINUM
423373,423373128,423373128,BANK 41,PLATINUM
423373,423373129,423373129,BANK 41,PLATINUM
423373,423373145,423373147,BANK 41,PLATINUM
423373,423373148,423373148,BANK 41,PLATINUM
423373,423373149,423373149,BANK 41,PLATINUM
423373,423373155,423373159,BANK 41,PLATINUM
423373,423373165,423373169,BANK 41,PLATINUM
423373,423373175,423373179,BANK 41,PLATINUM
423373,423373185,423373187,BANK 41,PLATINUM
423373,423373188,423373188,BANK 41,PLATINUM
423373,423373189,423373189,BANK 41,PLATINUM
423373,423373195,423373199,BANK 41,PLATINUM
423373,423373205,423373207,BANK 41,PLATINUM
423373,423373208,423373208,BANK 41,PLATINUM
423373,423373209,423373209,BANK 41,PLATINUM
423373,423373215,423373219,BANK 41,PLATINUM
423373,423373225,423373225,BANK 41,PLATINUM
423373,423373226,423373229,BANK 41,PLATINUM
423373,423373255,423373257,BANK 41,PLATINUM
423373,423373258,423373258,BANK 41,PLATINUM
423373,423373259,423373259,BANK 41,PLATINUM
423373,423373285,423373289,BANK 41,PLATINUM
423373,423373295,423373297,BANK 41,PLATINUM
423373,423373298,423373298,BANK 41,PLATINUM
423373,423373299,423373299,BANK 41,PLATINUM
423373,423373305,423373309,BANK 41,PLATINUM
423373,423373315,423373315,BANK 41,PLATINUM
423373,423373316,423373317,BANK 41,PLATINUM
423373,423373318,423373318,BANK 41,PLATINUM
423373,423373319,423373319,BANK 41,PLATINUM
423373,423373325,423373327,BANK 41,PLATINUM
423373,423373328,423373328,BANK 41,PLATINUM
423373,423373329,423373329,BANK 41,PLATINUM
423373,423373335,423373335,BANK 41,PLATINUM
423373,423373336,423373336,BANK 41,PLATINUM
423373,423373337,423373337,BANK 41,PLATINUM
423373,423373338,423373339,BANK 41,PLATINUM
423373,423373345,423373349,BANK 41,PLATINUM
423373,423373355,423373359,BANK 41,PLATINUM
423373,423373365,423373369,BANK 41,PLATINUM
424113,424113000,424113526,BANK 45,INFINITE
424113,424113526,424113526,BANK 45,INFINITE
424113,424113526,424113999,BANK 45,INFINITE
425183,425183000,425183009,BANK 17,PLATINUM
425183,425183010,425183109,BANK 17,PLATINUM
425183,425183110,425183219,BANK 17,PLATINUM
425183,425183220,425183299,BANK 17,PLATINUM
425183,425183300,425183509,BANK 17,PLATINUM
425183,425183510,425183599,BANK 17,PLATINUM
425183,425183600,425183639,BANK 17,PLATINUM
425183,425183640,425183777,BANK 17,PLATINUM
425183,425183777,425183777,BANK 17,PLATINUM
425183,425183777,425183999,BANK 17,PLATINUM
425530,425530000,425530509,BANK 46,PLATINUM
425530,425530510,425530519,BANK 46,PLATINUM
425530,425530520,425530529,BANK 46,PLATINUM
425530,425530530,425530539,BANK 46,PLATINUM
425530,425530540,425530549,BANK 46,PLATINUM
425530,425530550,425530559,BANK 46,PLATINUM
425530,425530560,425530569,BANK 46,PLATINUM
425530,425530570,425530579,BANK 46,PLATINUM
425530,425530580,425530589,BANK 46,PLATINUM
425530,425530590,425530599,BANK 46,PLATINUM
425530,425530600,425530793,BANK 46,PLATINUM
425530,425530793,425530793,BANK 46,PLATINUM
425530,425530793,425530999,BANK 46,PLATINUM
425620,425620000,425620001,BANK 20,SIGNATURE
425620,425620002,425620002,BANK 20,SIGNATURE
425620,425620003,425620006,BANK 20,SIGNATURE
425620,425620007,425620007,BANK 20,SIGNATURE
425620,425620008,425620046,BANK 20,SIGNATURE
425620,425620047,425620047,BANK 20,SIGNATURE
425620,425620048,425620090,BANK 20,SIGNATURE
425620,425620091,425620091,BANK 20,SIGNATURE
425620,425620092,425620599,BANK 20,SIGNATURE
425620,425620600,425620600,BANK 20,SIGNATURE
425620,425620601,425620619,BANK 20,SIGNATURE
425620,425620620,425620620,BANK 20,SIGNATURE
425620,425620621,425620839,BANK 20,SIGNATURE
425620,425620840,425620840,BANK 20,SIGNATURE
425620,425620841,425620977,BANK 20,SIGNATURE
425620,425620978,425620978,BANK 20,SIGNATURE
425620,425620979,425620999,BANK 20,SIGNATURE
425656,425656000,425656399,BANK 17,PLATINUM
425656,425656400,425656899,BANK 17,PLATINUM
425656,425656900,425656999,BANK 17,PLATINUM
425813,425813000,425813777,BANK 47,INFINITE
425813,425813777,425813777,BANK 47,INFINITE
425813,425813777,425813999,BANK 47,INFINITE
425814,425814000,425814777,BANK 47,PLATINUM
425814,425814777,425814777,BANK 47,PLATINUM
425814,425814777,425814999,BANK 47,PLATINUM
425884,425884000,425884642,BANK 20,INFINITE
425884,425884643,425884643,BANK 20,INFINITE
425884,425884644,425884839,BANK 20,INFINITE
425884,425884840,425884840,BANK 20,INFINITE
425884,425884841,425884977,BANK 20,INFINITE
425884,425884978,425884978,BANK 20,INFINITE
425884,425884979,425884999,BANK 20,INFINITE
425885,425885000,425885642,BANK 20,INFINITE
425885,425885643,425885643,BANK 20,INFINITE
425885,425885644,425885839,BANK 20,INFINITE
425885,425885840,425885840,BANK 20,INFINITE
425885,425885841,425885977,BANK 20,INFINITE
425885,425885978,425885978,BANK 20,INFINITE
425885,425885979,425885999,BANK 20,INFINITE
426101,426101000,426101254,BANK 34,SIGNATURE
426101,426101255,426101279,BANK 34,SIGNATURE
426101,426101280,426101999,BANK 34,SIGNATURE
426102,426102000,426102254,BANK 34,SIGNATURE
426102,426102255,426102269,BANK 34,SIGNATURE
426102,426102270,426102999,BANK 34,SIGNATURE
426113,426113000,426113254,BANK 34,SIGNATURE
426113,426113255,426113256,BANK 34,SIGNATURE
426113,426113257,426113999,BANK 34,SIGNATURE
426114,426114000,426114254,BANK 34,SIGNATURE
426114,426114255,426114255,BANK 34,SIGNATURE
426114,426114256,426114999,BANK 34,SIGNATURE
426804,426804000,426804004,BANK 48,INFINITE
426804,426804005,426804007,BANK 48,INFINITE
426804,426804008,426804595,BANK 48,INFINITE
426804,426804596,426804596,BANK 48,INFINITE
426804,426804597,426804999,BANK 48,INFINITE
426813,426813000,426813799,BANK 49,PLATINUM
426813,426813800,426813899,BANK 49,PLATINUM
426813,426813900,426813999,BANK 49,PLATINUM
426890,426890000,426890299,BANK 15,INFINITE
426890,426890300,426890300,BANK 15,INFINITE
426890,426890301,426890310,BANK 15,INFINITE
426890,426890311,426890359,BANK 15,INFINITE
426890,426890360,426890394,BANK 15,INFINITE
426890,426890395,426890395,BANK 15,INFINITE
426890,426890396,426890399,BANK 15,INFINITE
426890,426890400,426890400,BANK 15,INFINITE
426890,426890401,426890416,BANK 15,INFINITE
426890,426890417,426890417,BANK 15,INFINITE
426890,426890418,426890424,BANK 15,INFINITE
426890,426890425,426890425,BANK 15,INFINITE
426890,426890426,426890458,BANK 15,INFINITE
426890,426890459,426890459,BANK 15,INFINITE
426890,426890460,426890494,BANK 15,INFINITE
426890,426890495,426890495,BANK 15,INFINITE
426890,426890496,426890599,BANK 15,INFINITE
426890,426890600,426890999,BANK 15,INFINITE
427230,427230100,427230100,BANK 22,PLATINUM
427244,427244000,427244585,BANK 51,PLATINUM
427244,427244586,427244586,BANK 51,PLATINUM
427244,427244587,427244642,BANK 51,PLATINUM
427244,427244643,427244643,BANK 51,PLATINUM
427244,427244644,427244737,BANK 51,PLATINUM
427244,427244738,427244738,BANK 51,PLATINUM
427244,427244739,427244999,BANK 51,PLATINUM
427275,427275000,427275002,BANK 22,INFINITE
427275,427275003,427275999,BANK 22,INFINITE
427417,427417000,427417000,BANK 52,INFINITE
427417,427417001,427417003,BANK 52,INFINITE
427417,427417004,427417549,BANK 52,INFINITE
427417,427417550,427417552,BANK 52,INFINITE
427417,427417553,427417999,BANK 52,INFINITE
427427,427427000,427427000,BANK 52,PLATINUM
427427,427427001,427427003,BANK 52,PLATINUM
427427,427427004,427427019,BANK 52,PLATINUM
427427,427427020,427427021,BANK 52,PLATINUM
427427,427427022,427427129,BANK 52,PLATINUM
427427,427427130,427427130,BANK 52,PLATINUM
427427,427427131,427427159,BANK 52,PLATINUM
427427,427427160,427427162,BANK 52,PLATINUM
427427,427427163,427427179,BANK 52,PLATINUM
427427,427427180,427427181,BANK 52,PLATINUM
427427,427427182,427427309,BANK 52,PLATINUM
427427,427427310,427427310,BANK 52,PLATINUM
427427,427427311,427427359,BANK 52,PLATINUM
427427,427427360,427427361,BANK 52,PLATINUM
427427,427427362,427427399,BANK 52,PLATINUM
427427,427427400,427427400,BANK 52,PLATINUM
427427,427427401,427427419,BANK 52,PLATINUM
427427,427427420,427427422,BANK 52,PLATINUM
427427,427427423,427427439,BANK 52,PLATINUM
427427,427427440,427427440,BANK 52,PLATINUM
427427,427427441,427427489,BANK 52,PLATINUM
427427,427427490,427427491,BANK 52,PLATINUM
427427,427427492,427427519,BANK 52,PLATINUM
427427,427427520,427427522,BANK 52,PLATINUM
427427,427427523,427427539,BANK 52,PLATINUM
427427,427427540,427427542,BANK 52,PLATINUM
427427,427427543,427427549,BANK 52,PLATINUM
427427,427427550,427427552,BANK 52,PLATINUM
427427,427427553,427427599,BANK 52,PLATINUM
427427,427427600,427427600,BANK 52,PLATINUM
427427,427427601,427427669,BANK 52,PLATINUM
427427,427427670,427427672,BANK 52,PLATINUM
427427,427427673,427427699,BANK 52,PLATINUM
427427,427427700,427427701,BANK 52,PLATINUM
427427,427427702,427427769,BANK 52,PLATINUM
427427,427427770,427427770,BANK 52,PLATINUM
427427,427427771,427427799,BANK 52,PLATINUM
427427,427427800,427427809,BANK 52,PLATINUM
427427,427427810,427427999,BANK 52,PLATINUM
427432,427432002,427432002,BANK 52,PLATINUM
427761,427761100,427761199,BANK 38,INFINITE
427761,427761200,427761299,BANK 38,PLATINUM
427828,427828000,427828369,BANK 13,INFINITE
427828,427828370,427828370,BANK 13,INFINITE
427828,427828371,427828394,BANK 13,INFINITE
427828,427828395,427828395,BANK 13,INFINITE
427828,427828396,427828399,BANK 13,INFINITE
427828,427828400,427828400,BANK 13,INFINITE
427828,427828401,427828404,BANK 13,INFINITE
427828,427828405,427828406,BANK 13,INFINITE
427828,427828407,427828408,BANK 13,INFINITE
427828,427828409,427828410,BANK 13,INFINITE
427828,427828411,427828412,BANK 13,INFINITE
427828,427828413,427828413,BANK 13,INFINITE
427828,427828414,427828417,BANK 13,INFINITE
427828,427828418,427828419,BANK 13,INFINITE
427828,427828420,427828421,BANK 13,INFINITE
427828,427828422,427828422,BANK 13,INFINITE
427828,427828423,427828426,BANK 13,INFINITE
427828,427828427,427828427,BANK 13,INFINITE
427828,427828428,427828436,BANK 13,INFINITE
427828,427828437,427828437,BANK 13,INFINITE
427828,427828438,427828441,BANK 13,INFINITE
427828,427828442,427828443,BANK 13,INFINITE
427828,427828444,427828447,BANK 13,INFINITE
427828,427828448,427828448,BANK 13,INFINITE
427828,427828449,427828450,BANK 13,INFINITE
427828,427828451,427828451,BANK 13,INFINITE
427828,427828452,427828455,BANK 13,INFINITE
427828,427828456,427828457,BANK 13,INFINITE
427828,427828458,427828458,BANK 13,INFINITE
427828,427828459,427828459,BANK 13,INFINITE
427828,427828460,427828460,BANK 13,INFINITE
427828,427828461,427828461,BANK 13,INFINITE
427828,427828462,427828464,BANK 13,INFINITE
427828,427828465,427828465,BANK 13,INFINITE
427828,427828466,427828473,BANK 13,INFINITE
427828,427828474,427828475,BANK 13,INFINITE
427828,427828476,427828476,BANK 13,INFINITE
427828,427828477,427828478,BANK 13,INFINITE
427828,427828479,427828481,BANK 13,INFINITE
427828,427828482,427828482,BANK 13,INFINITE
427828,427828483,427828496,BANK 13,INFINITE
427828,427828497,427828497,BANK 13,INFINITE
427828,427828498,427828507,BANK 13,INFINITE
427828,427828508,427828508,BANK 13,INFINITE
427828,427828509,427828513,BANK 13,INFINITE
427828,427828514,427828514,BANK 13,INFINITE
427828,427828515,427828519,BANK 13,INFINITE
427828,427828520,427828520,BANK 13,INFINITE
427828,427828521,427828521,BANK 13,INFINITE
427828,427828522,427828522,BANK 13,INFINITE
427828,427828523,427828533,BANK 13,INFINITE
427828,427828534,427828534,BANK 13,INFINITE
427828,427828535,427828535,BANK 13,INFINITE
427828,427828536,427828536,BANK 13,INFINITE
427828,427828537,427828538,BANK 13,INFINITE
427828,427828539,427828539,BANK 13,INFINITE
427828,427828540,427828552,BANK 13,INFINITE
427828,427828553,427828553,BANK 13,INFINITE
427828,427828554,427828562,BANK 13,INFINITE
427828,427828563,427828563,BANK 13,INFINITE
427828,427828564,427828564,BANK 13,INFINITE
427828,427828565,427828565,BANK 13,INFINITE
427828,427828566,427828567,BANK 13,INFINITE
427828,427828568,427828569,BANK 13,INFINITE
427828,427828570,427828575,BANK 13,INFINITE
427828,427828576,427828576,BANK 13,INFINITE
427828,427828577,427828591,BANK 13,INFINITE
427828,427828592,427828592,BANK 13,INFINITE
427828,427828593,427828622,BANK 13,INFINITE
427828,427828623,427828623,BANK 13,INFINITE
427828,427828624,427828625,BANK 13,INFINITE
427828,427828626,427828626,BANK 13,INFINITE
427828,427828627,427828631,BANK 13,INFINITE
427828,427828632,427828632,BANK 13,INFINITE
427828,427828633,427828634,BANK 13,INFINITE
427828,427828635,427828635,BANK 13,INFINITE
427828,427828636,427828641,BANK 13,INFINITE
427828,427828642,427828642,BANK 13,INFINITE
427828,427828643,427828645,BANK 13,INFINITE
427828,427828646,427828646,BANK 13,INFINITE
427828,427828647,427828651,BANK 13,INFINITE
427828,427828652,427828652,BANK 13,INFINITE
427828,427828653,427828694,BANK 13,INFINITE
427828,427828695,427828695,BANK 13,INFINITE
427828,427828696,427828999,BANK 13,INFINITE
427856,427856000,427856009,BANK 17,INFINITE
427856,427856010,427856109,BANK 17,INFINITE
427856,427856110,427856219,BANK 17,INFINITE
427856,427856220,427856299,BANK 17,INFINITE
427856,427856300,427856509,BANK 17,INFINITE
427856,427856510,427856599,BANK 17,INFINITE
427856,427856600,427856639,BANK 17,INFINITE
427856,427856640,427856777,BANK 17,INFINITE
427856,427856777,427856777,BANK 17,INFINITE
427856,427856777,427856999,BANK 17,INFINITE
428266,428266000,428266000,BANK 53,INFINITE
428266,428266001,428266999,BANK 53,INFINITE
428918,428918000,428918000,BANK 41,PLATINUM
428918,428918001,428918789,BANK 41,PLATINUM
428918,428918790,428918790,BANK 41,PLATINUM
428918,428918791,428918889,BANK 41,PLATINUM
428918,428918890,428918890,BANK 41,PLATINUM
428918,428918891,428918989,BANK 41,PLATINUM
428918,428918990,428918990,BANK 41,PLATINUM
428918,428918991,428918999,BANK 41,PLATINUM
429749,429749000,429749000,BANK 22,INFINITE
429749,429749001,429749999,BANK 22,INFINITE
429811,429811000,429811002,BANK 13,PLATINUM
429811,429811003,429811003,BANK 13,PLATINUM
429811,429811004,429811062,BANK 13,PLATINUM
429811,429811063,429811063,BANK 13,PLATINUM
429811,429811064,429811070,BANK 13,PLATINUM
429811,429811071,429811071,BANK 13,PLATINUM
429811,429811072,429811074,BANK 13,PLATINUM
429811,429811075,429811075,BANK 13,PLATINUM
429811,429811076,429811111,BANK 13,PLATINUM
429811,429811112,429811112,BANK 13,PLATINUM
429811,429811113,429811115,BANK 13,PLATINUM
429811,429811116,429811116,BANK 13,PLATINUM
429811,429811117,429811139,BANK 13,PLATINUM
429811,429811140,429811140,BANK 13,PLATINUM
429811,429811141,429811148,BANK 13,PLATINUM
429811,429811149,429811149,BANK 13,PLATINUM
429811,429811150,429811172,BANK 13,PLATINUM
429811,429811173,429811173,BANK 13,PLATINUM
429811,429811174,429811192,BANK 13,PLATINUM
429811,429811193,429811193,BANK 13,PLATINUM
429811,429811194,429811200,BANK 13,PLATINUM
429811,429811201,429811201,BANK 13,PLATINUM
429811,429811202,429811250,BANK 13,PLATINUM
429811,429811251,429811251,BANK 13,PLATINUM
429811,429811252,429811252,BANK 13,PLATINUM
429811,429811253,429811253,BANK 13,PLATINUM
429811,429811254,429811267,BANK 13,PLATINUM
429811,429811268,429811268,BANK 13,PLATINUM
429811,429811269,429811284,BANK 13,PLATINUM
429811,429811285,429811285,BANK 13,PLATINUM
429811,429811286,429811287,BANK 13,PLATINUM
429811,429811288,429811288,BANK 13,PLATINUM
429811,429811289,429811292,BANK 13,PLATINUM
429811,429811293,429811293,BANK 13,PLATINUM
429811,429811294,429811299,BANK 13,PLATINUM
429811,429811300,429811300,BANK 13,PLATINUM
429811,429811301,429811373,BANK 13,PLATINUM
429811,429811374,429811374,BANK 13,PLATINUM
429811,429811375,429811419,BANK 13,PLATINUM
429811,429811420,429811420,BANK 13,PLATINUM
429811,429811421,429811428,BANK 13,PLATINUM
429811,429811429,429811429,BANK 13,PLATINUM
429811,429811430,429811452,BANK 13,PLATINUM
429811,429811453,429811453,BANK 13,PLATINUM
429811,429811454,429811464,BANK 13,PLATINUM
429811,429811465,429811465,BANK 13,PLATINUM
429811,429811466,429811468,BANK 13,PLATINUM
429811,429811469,429811469,BANK 13,PLATINUM
429811,429811470,429811485,BANK 13,PLATINUM
429811,429811486,429811486,BANK 13,PLATINUM
429811,429811487,429811495,BANK 13,PLATINUM
429811,429811496,429811496,BANK 13,PLATINUM
429811,429811497,429811999,BANK 13,PLATINUM
430292,430292000,430292000,BANK 54,PLATINUM
430292,430292001,430292999,BANK 54,PLATINUM
430312,430312000,430312000,BANK 55,PLATINUM
430323,430323000,430323253,BANK 56,PLATINUM
430323,430323254,430323254,BANK 56,PLATINUM
430323,430323255,430323649,BANK 56,PLATINUM
430323,430323650,430323650,BANK 56,PLATINUM
430323,430323651,430323851,BANK 56,PLATINUM
430323,430323852,430323852,BANK 56,PLATINUM
430323,430323853,430323999,BANK 56,PLATINUM
431076,431076000,431076043,BANK 57,INFINITE
431076,431076043,431076043,BANK 57,INFINITE
431076,431076043,431076999,BANK 57,INFINITE
432433,432433000,432433000,BANK 58,PLATINUM
432433,432433001,432433001,BANK 58,PLATINUM
432433,432433002,432433999,BANK 58,PLATINUM
432498,432498000,432498002,BANK 12,SIGNATURE
432498,432498006,432498999,BANK 12,SIGNATURE
433102,433102000,433102000,BANK 44,PLATINUM
433102,433102001,433102199,BANK 44,PLATINUM
433102,433102200,433102300,BANK 44,PLATINUM
433102,433102301,433102399,BANK 44,PLATINUM
433102,433102400,433102990,BANK 44,PLATINUM
433102,433102990,433102990,BANK 44,PLATINUM
433102,433102991,433102999,BANK 44,PLATINUM
434146,434146990,434146999,BANK 17,PLATINUM
435986,435986000,435986000,BANK 36,INFINITE
435986,435986001,435986001,BANK 36,INFINITE
435986,435986002,435986002,BANK 36,INFINITE
435986,435986003,435986034,BANK 36,INFINITE
435986,435986035,435986035,BANK 36,INFINITE
435986,435986036,435986041,BANK 36,INFINITE
435986,435986042,435986042,BANK 36,INFINITE
435986,435986043,435986198,BANK 36,INFINITE
435986,435986199,435986199,BANK 36,INFINITE
435986,435986200,435986999,BANK 36,INFINITE
436104,436104000,436104000,BANK 36,SIGNATURE
436104,436104001,436104034,BANK 36,SIGNATURE
436104,436104035,436104035,BANK 36,SIGNATURE
436104,436104036,436104036,BANK 36,SIGNATURE
436104,436104037,436104037,BANK 36,SIGNATURE
436104,436104038,436104198,BANK 36,SIGNATURE
436104,436104199,436104216,BANK 36,SIGNATURE
436104,436104217,436104217,BANK 36,SIGNATURE
436104,436104218,436104220,BANK 36,SIGNATURE
436104,436104221,436104221,BANK 36,SIGNATURE
436104,436104222,436104226,BANK 36,SIGNATURE
436104,436104227,436104227,BANK 36,SIGNATURE
436104,436104228,436104228,BANK 36,SIGNATURE
436104,436104229,436104229,BANK 36,SIGNATURE
436104,436104230,436104230,BANK 36,SIGNATURE
436104,436104231,436104231,BANK 36,SIGNATURE
436104,436104232,436104232,BANK 36,SIGNATURE
436104,436104233,436104233,BANK 36,SIGNATURE
436104,436104234,436104235,BANK 36,SIGNATURE
436104,436104236,436104236,BANK 36,SIGNATURE
436104,436104237,436104239,BANK 36,SIGNATURE
436104,436104240,436104240,BANK 36,SIGNATURE
436104,436104241,436104243,BANK 36,SIGNATURE
436104,436104244,436104245,BANK 36,SIGNATURE
436104,436104246,436104264,BANK 36,SIGNATURE
436104,436104265,436104265,BANK 36,SIGNATURE
436104,436104266,436104267,BANK 36,SIGNATURE
436104,436104268,436104270,BANK 36,SIGNATURE
436104,436104271,436104271,BANK 36,SIGNATURE
436104,436104272,436104272,BANK 36,SIGNATURE
436104,436104273,436104273,BANK 36,SIGNATURE
436104,436104274,436104274,BANK 36,SIGNATURE
436104,436104275,436104275,BANK 36,SIGNATURE
436104,436104276,436104277,BANK 36,SIGNATURE
436104,436104278,436104278,BANK 36,SIGNATURE
436104,436104279,436104999,BANK 36,SIGNATURE
437351,437351000,437351299,BANK 17,INFINITE
437351,437351300,437351999,BANK 17,INFINITE
437463,437463000,437463000,BANK 59,INFINITE
437463,437463000,437463999,BANK 59,INFINITE
437559,437559000,437559349,BANK 60,PLATINUM
437559,437559350,437559350,BANK 60,PLATINUM
437559,437559350,437559999,BANK 60,PLATINUM
437560,437560000,437560449,BANK 60,INFINITE
437560,437560450,437560450,BANK 60,INFINITE
437560,437560450,437560999,BANK 60,INFINITE
438121,438121000,438121232,BANK 57,PLATINUM
438121,438121232,438121232,BANK 57,PLATINUM
438121,438121232,438121799,BANK 57,PLATINUM
438121,438121800,438121909,BANK 57,PLATINUM
438121,438121910,438121999,BANK 57,PLATINUM
438970,438970000,438970039,BANK 29,SIGNATURE
438970,438970040,438970179,BANK 29,SIGNATURE
438970,438970180,438970999,BANK 29,SIGNATURE
439162,439162000,439162004,BANK 61,INFINITE
439162,439162005,439162005,BANK 61,INFINITE
439162,439162006,439162999,BANK 61,INFINITE
440032,440032000,440032204,BANK 62,INFINITE
440032,440032205,440032205,BANK 62,INFINITE
440032,440032206,440032999,BANK 62,INFINITE
440520,440520000,440520000,BANK 63,INFINITE
440520,440520001,440520999,BANK 63,INFINITE
441108,441108000,441108004,BANK 64,INFINITE
441108,441108005,441108005,BANK 64,INFINITE
441108,441108006,441108999,BANK 64,INFINITE
441273,441273000,441273009,BANK 26,INFINITE
441273,441273010,441273029,BANK 26,INFINITE
441273,441273030,441273030,BANK 26,INFINITE
441273,441273031,441273999,BANK 26,INFINITE
442173,442173000,442173100,BANK 65,PLATINUM
442173,442173100,442173100,BANK 65,PLATINUM
442173,442173100,442173700,BANK 65,PLATINUM
442173,442173700,442173700,BANK 65,PLATINUM
442173,442173700,442173701,BANK 65,PLATINUM
442173,442173701,442173701,BANK 65,PLATINUM
442173,442173701,442173704,BANK 65,PLATINUM
442173,442173704,442173704,BANK 65,PLATINUM
442173,442173704,442173800,BANK 65,PLATINUM
442173,442173800,442173800,BANK 65,PLATINUM
442173,442173800,442173801,BANK 65,PLATINUM
442173,442173801,442173801,BANK 65,PLATINUM
442173,442173801,442173999,BANK 65,PLATINUM
442476,442476000,442476549,BANK 66,PLATINUM
442476,442476550,442476599,BANK 66,PLATINUM
442476,442476600,442476999,BANK 66,PLATINUM
443308,443308000,443308000,BANK 28,INFINITE
443308,443308000,443308999,BANK 28,INFINITE
444094,444094000,444094273,BANK 27,PLATINUM
444094,444094274,444094294,BANK 27,PLATINUM
444094,444094295,444094999,BANK 27,PLATINUM
444483,444483000,444483000,BANK 67,PLATINUM
444483,444483000,444483001,BANK 67,PLATINUM
444483,444483002,444483009,BANK 67,PLATINUM
444483,444483010,444483010,BANK 67,PLATINUM
444483,444483011,444483015,BANK 67,PLATINUM
444483,444483016,444483999,BANK 67,PLATINUM
445483,445483002,445483002,BANK 68,PLATINUM
445485,445485000,445485000,BANK 68,PLATINUM
445485,445485000,445485999,BANK 68,PLATINUM
445636,445636000,445636199,BANK 69,PLATINUM
445636,445636200,445636229,BANK 69,PLATINUM
445636,445636230,445636299,BANK 69,PLATINUM
445636,445636300,445636329,BANK 69,PLATINUM
445636,445636330,445636399,BANK 69,PLATINUM
445636,445636400,445636429,BANK 69,PLATINUM
445636,445636430,445636999,BANK 69,PLATINUM
445637,445637000,445637199,BANK 69,INFINITE
445637,445637200,445637229,BANK 69,INFINITE
445637,445637230,445637299,BANK 69,INFINITE
445637,445637300,445637329,BANK 69,INFINITE
445637,445637330,445637399,BANK 69,INFINITE
445637,445637400,445637429,BANK 69,INFINITE
445637,445637430,445637999,BANK 69,INFINITE
446093,446093000,446093000,BANK 70,INFINITE
446093,446093000,446093999,BANK 70,INFINITE
446396,446396000,446396000,BANK 71,PLATINUM
446396,446396001,446396999,BANK 71,PLATINUM
446901,446901000,446901000,BANK 72,INFINITE
446901,446901001,446901999,BANK 72,INFINITE
446910,446910000,446910000,BANK 73,PLATINUM
446910,446910001,446910001,BANK 73,PLATINUM
446910,446910001,446910999,BANK 73,PLATINUM
446911,446911000,446911000,BANK 73,INFINITE
446911,446911001,446911001,BANK 73,INFINITE
446911,446911001,446911999,BANK 73,INFINITE
446915,446915000,446915399,BANK 74,PLATINUM
446915,446915400,446915409,BANK 74,PLATINUM
446915,446915410,446915419,BANK 74,PLATINUM
446915,446915420,446915429,BANK 74,PLATINUM
446915,446915430,446915609,BANK 74,PLATINUM
446915,446915610,446915619,BANK 74,PLATINUM
446915,446915620,446915699,BANK 74,PLATINUM
446915,446915800,446915999,BANK 74,PLATINUM
446950,446950000,446950000,BANK 75,INFINITE
446950,446950001,446950001,BANK 75,INFINITE
446950,446950002,446950004,BANK 75,INFINITE
446950,446950005,446950005,BANK 75,INFINITE
446950,446950005,446950999,BANK 75,INFINITE
447818,447818000,447818347,BANK 48,PLATINUM
447818,447818348,447818348,BANK 48,PLATINUM
447818,447818349,447818571,BANK 48,PLATINUM
447818,447818572,447818572,BANK 48,PLATINUM
447818,447818573,447818727,BANK 48,PLATINUM
447818,447818728,447818728,BANK 48,PLATINUM
447818,447818729,447818814,BANK 48,PLATINUM
447818,447818815,447818815,BANK 48,PLATINUM
447818,447818816,447818873,BANK 48,PLATINUM
447818,447818874,447818877,BANK 48,PLATINUM
447818,447818878,447818997,BANK 48,PLATINUM
447818,447818998,447818999,BANK 48,PLATINUM
447824,447824000,447824009,BANK 48,PLATINUM
447824,447824010,447824999,BANK 48,PLATINUM
447880,447880000,447880000,BANK 45,PLATINUM
447880,447880000,447880999,BANK 45,PLATINUM
449600,449600000,449600109,BANK 76,PLATINUM
449600,449600110,449600110,BANK 76,PLATINUM
449600,449600111,449600577,BANK 76,PLATINUM
449600,449600578,449600579,BANK 76,PLATINUM
449600,449600580,449600999,BANK 76,PLATINUM
451382,451382000,451382534,BANK 48,SIGNATURE
451382,451382535,451382535,BANK 48,SIGNATURE
451382,451382536,451382999,BANK 48,SIGNATURE
452235,452235000,452235249,BANK 49,PLATINUM
452235,452235250,452235399,BANK 49,PLATINUM
452235,452235400,452235999,BANK 49,PLATINUM
452236,452236000,452236249,BANK 49,INFINITE
452236,452236250,452236399,BANK 49,INFINITE
452236,452236400,452236999,BANK 49,INFINITE
452248,452248000,452248000,BANK 77,INFINITE
452248,452248001,452248999,BANK 77,INFINITE
453554,453554000,453554972,BANK 2,INFINITE
453554,453554973,453554973,BANK 2,INFINITE
453554,453554974,453554999,BANK 2,INFINITE
453592,453592000,453592000,BANK 78,PLATINUM
453592,453592001,453592009,BANK 78,PLATINUM
453592,453592010,453592999,BANK 78,PLATINUM
454615,454615000,454615509,BANK 46,INFINITE
454615,454615510,454615519,BANK 46,INFINITE
454615,454615520,454615529,BANK 46,INFINITE
454615,454615530,454615539,BANK 46,INFINITE
454615,454615540,454615549,BANK 46,INFINITE
454615,454615550,454615559,BANK 46,INFINITE
454615,454615560,454615569,BANK 46,INFINITE
454615,454615570,454615579,BANK 46,INFINITE
454615,454615580,454615589,BANK 46,INFINITE
454615,454615590,454615599,BANK 46,INFINITE
454615,454615600,454615793,BANK 46,INFINITE
454615,454615793,454615793,BANK 46,INFINITE
454615,454615793,454615999,BANK 46,INFINITE
456588,456588801,456588802,BANK 79,PLATINUM
457218,457218000,457218000,BANK 80,PLATINUM
457218,457218000,457218999,BANK 80,PLATINUM
457456,457456000,457456000,BANK 39,INFINITE
457456,457456000,457456999,BANK 39,INFINITE
457654,457654000,457654000,BANK 81,PLATINUM
457654,457654000,457654999,BANK 81,PLATINUM
457711,457711000,457711980,BANK 82,INFINITE
457711,457711981,457711981,BANK 82,INFINITE
457711,457711982,457711999,BANK 82,INFINITE
457802,457802000,457802699,BANK 16,INFINITE
457802,457802700,457802700,BANK 16,INFINITE
457802,457802701,457802999,BANK 16,INFINITE
457812,457812000,457812325,BANK 83,PLATINUM
457812,457812326,457812326,BANK 83,PLATINUM
457812,457812327,457812360,BANK 83,PLATINUM
457812,457812361,457812361,BANK 83,PLATINUM
457812,457812362,457812999,BANK 83,PLATINUM
457825,457825000,457825099,BANK 84,PLATINUM
457825,457825100,457825109,BANK 84,PLATINUM
457825,457825110,457825996,BANK 84,PLATINUM
457825,457825997,457825997,BANK 84,PLATINUM
457825,457825998,457825999,BANK 84,PLATINUM
457846,457846000,457846000,BANK 85,PLATINUM
457846,457846000,457846999,BANK 85,PLATINUM
457894,457894000,457894000,BANK 86,INFINITE
457894,457894001,457894999,BANK 86,INFINITE
458206,458206000,458206002,BANK 87,PLATINUM
458206,458206002,458206008,BANK 87,PLATINUM
458206,458206008,458206209,BANK 87,PLATINUM
458206,458206209,458206210,BANK 87,PLATINUM
458206,458206210,458206413,BANK 87,PLATINUM
458206,458206414,458206414,BANK 87,PLATINUM
458206,458206415,458206615,BANK 87,PLATINUM
458206,458206616,458206616,BANK 87,PLATINUM
458206,458206617,458206999,BANK 87,PLATINUM
458410,458410000,458410200,BANK 34,PLATINUM
458410,458410201,458410201,BANK 34,PLATINUM
458410,458410202,458410202,BANK 34,PLATINUM
458410,458410203,458410203,BANK 34,PLATINUM
458410,458410204,458410204,BANK 34,PLATINUM
458410,458410205,458410205,BANK 34,PLATINUM
458410,458410206,458410250,BANK 34,PLATINUM
458410,458410251,458410251,BANK 34,PLATINUM
458410,458410252,458410252,BANK 34,PLATINUM
458410,458410253,458410253,BANK 34,PLATINUM
458410,458410254,458410254,BANK 34,PLATINUM
458410,458410255,458410255,BANK 34,PLATINUM
458410,458410256,458410276,BANK 34,PLATINUM
458410,458410277,458410277,BANK 34,PLATINUM
458410,458410278,458410999,BANK 34,PLATINUM
458411,458411000,458411110,BANK 34,PLATINUM
458411,458411111,458411111,BANK 34,PLATINUM
458411,458411112,458411200,BANK 34,PLATINUM
458411,458411201,458411201,BANK 34,PLATINUM
458411,458411202,458411202,BANK 34,PLATINUM
458411,458411203,458411203,BANK 34,PLATINUM
458411,458411204,458411204,BANK 34,PLATINUM
458411,458411205,458411205,BANK 34,PLATINUM
458411,458411206,458411250,BANK 34,PLATINUM
458411,458411251,458411251,BANK 34,PLATINUM
458411,458411252,458411252,BANK 34,PLATINUM
458411,458411253,458411253,BANK 34,PLATINUM
458411,458411254,458411254,BANK 34,PLATINUM
458411,458411255,458411255,BANK 34,PLATINUM
458411,458411256,458411276,BANK 34,PLATINUM
458411,458411277,458411277,BANK 34,PLATINUM
458411,458411278,458411330,BANK 34,PLATINUM
458411,458411331,458411331,BANK 34,PLATINUM
458411,458411332,458411550,BANK 34,PLATINUM
458411,458411551,458411551,BANK 34,PLATINUM
458411,458411552,458411999,BANK 34,PLATINUM
458527,458527000,458527399,BANK 55,PLATINUM
458527,458527400,458527419,BANK 55,PLATINUM
458527,458527430,458527979,BANK 55,PLATINUM
458527,458527980,458527999,BANK 55,PLATINUM
458559,458559000,458559001,BANK 9,INFINITE
458559,458559002,458559999,BANK 9,INFINITE
459226,459226000,459226099,BANK 88,SIGNATURE
459226,459226100,459226199,BANK 88,SIGNATURE
459226,459226200,459226999,BANK 88,SIGNATURE
459328,459328000,459328000,BANK 89,INFINITE
459328,459328000,459328999,BANK 89,INFINITE
460046,460046000,460046000,BANK 63,PLATINUM
460046,460046001,460046999,BANK 63,PLATINUM
460065,460065000,460065000,BANK 90,PLATINUM
460065,460065001,460065004,BANK 90,PLATINUM
460065,460065005,460065005,BANK 90,PLATINUM
460065,460065006,460065999,BANK 90,PLATINUM
460493,460493000,460493776,BANK 91,INFINITE
460493,460493777,460493777,BANK 91,INFINITE
460493,460493778,460493999,BANK 91,INFINITE
462235,462235000,462235002,BANK 22,PLATINUM
462235,462235005,462235100,BANK 22,PLATINUM
462235,462235102,462235200,BANK 22,PLATINUM
462235,462235202,462235300,BANK 22,PLATINUM
462235,462235302,462235302,BANK 22,PLATINUM
462235,462235304,462235700,BANK 22,PLATINUM
462235,462235702,462235999,BANK 22,PLATINUM
462716,462716000,462716049,BANK 43,SIGNATURE
462716,462716050,462716059,BANK 43,SIGNATURE
462716,462716060,462716999,BANK 43,SIGNATURE
463628,463628000,463628299,BANK 92,PLATINUM
463628,463628300,463628399,BANK 92,PLATINUM
463628,463628400,463628699,BANK 92,PLATINUM
463628,463628700,463628899,BANK 92,PLATINUM
463628,463628900,463628999,BANK 92,PLATINUM
463742,463742000,463742000,BANK 93,PLATINUM
463742,463742000,463742999,BANK 93,PLATINUM
464617,464617000,464617009,BANK 94,PLATINUM
464617,464617010,464617999,BANK 94,PLATINUM
464631,464631000,464631219,BANK 95,INFINITE
464631,464631220,464631229,BANK 95,INFINITE
464631,464631230,464631999,BANK 95,INFINITE
464632,464632000,464632219,BANK 95,PLATINUM
464632,464632220,464632229,BANK 95,PLATINUM
464632,464632230,464632999,BANK 95,PLATINUM
464840,464840000,464840699,BANK 96,PLATINUM
464840,464840700,464840799,BANK 96,PLATINUM
464840,464840800,464840999,BANK 96,PLATINUM
464842,464842000,464842003,BANK 22,SIGNATURE
464842,464842004,464842999,BANK 22,SIGNATURE
464911,464911000,464911999,BANK 46,INFINITE
464915,464915000,464915999,BANK 46,PLATINUM
465006,465006000,465006004,BANK 43,PLATINUM
465006,465006005,465006009,BANK 43,PLATINUM
465006,465006010,465006999,BANK 43,PLATINUM
465007,465007000,465007004,BANK 43,INFINITE
465007,465007005,465007009,BANK 43,INFINITE
465007,465007010,465007999,BANK 43,INFINITE
465273,465273000,465273999,BANK 7,PLATINUM
465757,465757000,465757999,BANK 97,PLATINUM
466156,466156000,466156000,BANK 98,PLATINUM
466156,466156001,466156999,BANK 98,PLATINUM
467302,467302000,467302713,BANK 99,PLATINUM
467302,467302714,467302714,BANK 99,PLATINUM
467302,467302715,467302734,BANK 99,PLATINUM
467302,467302735,467302735,BANK 99,PLATINUM
467302,467302736,467302813,BANK 99,PLATINUM
467302,467302814,467302814,BANK 99,PLATINUM
467302,467302815,467302834,BANK 99,PLATINUM
467302,467302835,467302835,BANK 99,PLATINUM
467302,467302836,467302999,BANK 99,PLATINUM
467564,467564000,467564000,BANK 64,PLATINUM
467564,467564001,467564410,BANK 64,PLATINUM
467564,467564410,467564410,BANK 64,PLATINUM
467564,467564410,467564420,BANK 64,PLATINUM
467564,467564420,467564420,BANK 64,PLATINUM
467564,467564420,467564430,BANK 64,PLATINUM
467564,467564430,467564430,BANK 64,PLATINUM
467564,467564430,467564440,BANK 64,PLATINUM
467564,467564440,467564440,BANK 64,PLATINUM
467564,467564440,467564450,BANK 64,PLATINUM
467564,467564450,467564450,BANK 64,PLATINUM
467564,467564450,467564460,BANK 64,PLATINUM
467564,467564460,467564460,BANK 64,PLATINUM
467564,467564460,467564470,BANK 64,PLATINUM
467564,467564470,467564470,BANK 64,PLATINUM
467564,467564470,467564480,BANK 64,PLATINUM
467564,467564480,467564480,BANK 64,PLATINUM
467564,467564480,467564490,BANK 64,PLATINUM
467564,467564490,467564490,BANK 64,PLATINUM
467564,467564490,467564500,BANK 64,PLATINUM
467564,467564500,467564500,BANK 64,PLATINUM
467564,467564500,467564510,BANK 64,PLATINUM
467564,467564510,467564510,BANK 64,PLATINUM
467564,467564510,467564520,BANK 64,PLATINUM
467564,467564520,467564520,BANK 64,PLATINUM
467564,467564520,467564530,BANK 64,PLATINUM
467564,467564530,467564530,BANK 64,PLATINUM
467564,467564530,467564540,BANK 64,PLATINUM
467564,467564540,467564540,BANK 64,PLATINUM
467564,467564540,467564550,BANK 64,PLATINUM
467564,467564550,467564550,BANK 64,PLATINUM
467564,467564550,467564560,BANK 64,PLATINUM
467564,467564560,467564560,BANK 64,PLATINUM
467564,467564560,467564570,BANK 64,PLATINUM
467564,467564570,467564570,BANK 64,PLATINUM
467564,467564570,467564580,BANK 64,PLATINUM
467564,467564580,467564580,BANK 64,PLATINUM
467564,467564580,467564590,BANK 64,PLATINUM
467564,467564590,467564590,BANK 64,PLATINUM
467564,467564590,467564600,BANK 64,PLATINUM
467564,467564600,467564600,BANK 64,PLATINUM
467564,467564600,467564610,BANK 64,PLATINUM
467564,467564610,467564610,BANK 64,PLATINUM
467564,467564610,467564620,BANK 64,PLATINUM
467564,467564620,467564620,BANK 64,PLATINUM
467564,467564620,467564630,BANK 64,PLATINUM
467564,467564630,467564630,BANK 64,PLATINUM
467564,467564630,467564640,BANK 64,PLATINUM
467564,467564640,467564640,BANK 64,PLATINUM
467564,467564640,467564650,BANK 64,PLATINUM
467564,467564650,467564650,BANK 64,PLATINUM
467564,467564650,467564660,BANK 64,PLATINUM
467564,467564660,467564660,BANK 64,PLATINUM
467564,467564660,467564670,BANK 64,PLATINUM
467564,467564670,467564670,BANK 64,PLATINUM
467564,467564670,467564680,BANK 64,PLATINUM
467564,467564680,467564680,BANK 64,PLATINUM
467564,467564680,467564690,BANK 64,PLATINUM
467564,467564690,467564690,BANK 64,PLATINUM
467564,467564690,467564700,BANK 64,PLATINUM
467564,467564700,467564700,BANK 64,PLATINUM
467564,467564700,467564710,BANK 64,PLATINUM
467564,467564710,467564710,BANK 64,PLATINUM
467564,467564710,467564720,BANK 64,PLATINUM
467564,467564720,467564720,BANK 64,PLATINUM
467564,467564720,467564730,BANK 64,PLATINUM
467564,467564730,467564730,BANK 64,PLATINUM
467564,467564730,467564740,BANK 64,PLATINUM
467564,467564740,467564740,BANK 64,PLATINUM
467564,467564740,467564750,BANK 64,PLATINUM
467564,467564750,467564750,BANK 64,PLATINUM
467564,467564750,467564760,BANK 64,PLATINUM
467564,467564760,467564760,BANK 64,PLATINUM
467564,467564760,467564770,BANK 64,PLATINUM
467564,467564770,467564770,BANK 64,PLATINUM
467564,467564770,467564780,BANK 64,PLATINUM
467564,467564780,467564780,BANK 64,PLATINUM
467564,467564780,467564790,BANK 64,PLATINUM
467564,467564790,467564790,BANK 64,PLATINUM
467564,467564790,467564800,BANK 64,PLATINUM
467564,467564800,467564800,BANK 64,PLATINUM
467564,467564800,467564810,BANK 64,PLATINUM
467564,467564810,467564810,BANK 64,PLATINUM
467564,467564810,467564820,BANK 64,PLATINUM
467564,467564820,467564820,BANK 64,PLATINUM
467564,467564820,467564830,BANK 64,PLATINUM
467564,467564830,467564830,BANK 64,PLATINUM
467564,467564830,467564840,BANK 64,PLATINUM
467564,467564840,467564840,BANK 64,PLATINUM
467564,467564840,467564850,BANK 64,PLATINUM
467564,467564850,467564850,BANK 64,PLATINUM
467564,467564850,467564860,BANK 64,PLATINUM
467564,467564860,467564860,BANK 64,PLATINUM
467564,467564860,467564870,BANK 64,PLATINUM
467564,467564870,467564870,BANK 64,PLATINUM
467564,467564870,467564880,BANK 64,PLATINUM
467564,467564880,467564880,BANK 64,PLATINUM
467564,467564880,467564890,BANK 64,PLATINUM
467564,467564890,467564890,BANK 64,PLATINUM
467564,467564890,467564900,BANK 64,PLATINUM
467564,467564900,467564900,BANK 64,PLATINUM
467564,467564900,467564910,BANK 64,PLATINUM
467564,467564910,467564910,BANK 64,PLATINUM
467564,467564910,467564920,BANK 64,PLATINUM
467564,467564920,467564920,BANK 64,PLATINUM
467564,467564920,467564930,BANK 64,PLATINUM
467564,467564930,467564930,BANK 64,PLATINUM
467564,467564930,467564940,BANK 64,PLATINUM
467564,467564940,467564940,BANK 64,PLATINUM
467564,467564940,467564950,BANK 64,PLATINUM
467564,467564950,467564950,BANK 64,PLATINUM
467564,467564950,467564960,BANK 64,PLATINUM
467564,467564960,467564960,BANK 64,PLATINUM
467564,467564960,467564970,BANK 64,PLATINUM
467564,467564970,467564970,BANK 64,PLATINUM
467564,467564970,467564980,BANK 64,PLATINUM
467564,467564980,467564980,BANK 64,PLATINUM
467564,467564980,467564990,BANK 64,PLATINUM
467564,467564990,467564990,BANK 64,PLATINUM
467564,467564990,467564999,BANK 64,PLATINUM
468589,468589000,468589000,BANK 100,PLATINUM
468589,468589000,468589999,BANK 100,PLATINUM
468596,468596000,468596036,BANK 101,INFINITE
468596,468596036,468596036,BANK 101,INFINITE
468596,468596036,468596999,BANK 101,INFINITE
469339,469339000,469339109,BANK 43,INFINITE
469339,469339110,469339119,BANK 43,INFINITE
469339,469339120,469339309,BANK 43,INFINITE
469339,469339310,469339319,BANK 43,INFINITE
469339,469339320,469339509,BANK 43,INFINITE
469339,469339510,469339599,BANK 43,INFINITE
469339,469339600,469339999,BANK 43,INFINITE
469362,469362000,469362001,BANK 56,PLATINUM
469362,469362002,469362999,BANK 56,PLATINUM
469376,469376000,469376004,BANK 64,PLATINUM
469376,469376005,469376005,BANK 64,PLATINUM
469376,469376005,469376999,BANK 64,PLATINUM
469670,469670000,469670056,BANK 101,PLATINUM
469670,469670056,469670056,BANK 101,PLATINUM
469670,469670056,469670076,BANK 101,PLATINUM
469670,469670078,469670999,BANK 101,PLATINUM
470336,470336000,470336102,BANK 84,INFINITE
470336,470336103,470336105,BANK 84,INFINITE
470336,470336106,470336999,BANK 84,INFINITE
470394,470394000,470394009,BANK 41,INFINITE
470394,470394010,470394299,BANK 41,INFINITE
470394,470394300,470394309,BANK 41,INFINITE
470394,470394310,470394399,BANK 41,INFINITE
470394,470394400,470394409,BANK 41,INFINITE
470394,470394410,470394789,BANK 41,INFINITE
470394,470394790,470394790,BANK 41,INFINITE
470394,470394791,470394799,BANK 41,INFINITE
470394,470394800,470394889,BANK 41,INFINITE
470394,470394890,470394899,BANK 41,INFINITE
470394,470394900,470394989,BANK 41,INFINITE
470394,470394990,470394999,BANK 41,INFINITE
470434,470434000,470434001,BANK 53,PLATINUM
470434,470434002,470434999,BANK 53,PLATINUM
470673,470673000,470673025,BANK 102,INFINITE
470673,470673026,470673026,BANK 102,INFINITE
470673,470673027,470673730,BANK 102,INFINITE
470673,470673731,470673731,BANK 102,INFINITE
470673,470673732,470673999,BANK 102,INFINITE
470674,470674000,470674034,BANK 102,PLATINUM
470674,470674035,470674035,BANK 102,PLATINUM
470674,470674036,470674063,BANK 102,PLATINUM
470674,470674064,470674064,BANK 102,PLATINUM
470674,470674065,470674191,BANK 102,PLATINUM
470674,470674193,470674463,BANK 102,PLATINUM
470674,470674464,470674464,BANK 102,PLATINUM
470674,470674465,470674851,BANK 102,PLATINUM
470674,470674852,470674852,BANK 102,PLATINUM
470674,470674853,470674999,BANK 102,PLATINUM
470687,470687000,470687014,BANK 103,PLATINUM
470687,470687015,470687015,BANK 103,PLATINUM
470687,470687016,470687999,BANK 103,PLATINUM
470690,470690000,470690777,BANK 104,PLATINUM
470690,470690777,470690777,BANK 104,PLATINUM
470690,470690777,470690999,BANK 104,PLATINUM
470699,470699000,470699014,BANK 103,PLATINUM
470699,470699015,470699015,BANK 103,PLATINUM
470699,470699016,470699999,BANK 103,PLATINUM
471225,471225000,471225004,BANK 105,INFINITE
471225,471225004,471225004,BANK 105,INFINITE
471225,471225005,471225005,BANK 105,INFINITE
471225,471225005,471225999,BANK 105,INFINITE
471252,471252000,471252000,BANK 106,PLATINUM
471252,471252000,471252999,BANK 106,PLATINUM
471333,471333000,471333000,BANK 107,PLATINUM
471333,471333000,471333999,BANK 107,PLATINUM
471347,471347000,471347069,BANK 108,PLATINUM
471347,471347070,471347079,BANK 108,PLATINUM
471347,471347080,471347089,BANK 108,PLATINUM
471347,471347090,471347090,BANK 108,PLATINUM
471347,471347091,471347109,BANK 108,PLATINUM
471347,471347110,471347120,BANK 108,PLATINUM
471347,471347121,471347499,BANK 108,PLATINUM
471347,471347500,471347999,BANK 108,PLATINUM
471358,471358000,471358000,BANK 12,INFINITE
471358,471358000,471358009,BANK 12,INFINITE
471358,471358010,471358999,BANK 12,INFINITE
471370,471370000,471370076,BANK 109,INFINITE
471370,471370077,471370079,BANK 109,INFINITE
471370,471370080,471370999,BANK 109,INFINITE
471411,471411000,471411001,BANK 86,PLATINUM
471411,471411002,471411003,BANK 86,PLATINUM
471411,471411004,471411999,BANK 86,PLATINUM
471435,471435000,471435000,BANK 107,INFINITE
471435,471435000,471435999,BANK 107,INFINITE
472313,472313000,472313019,BANK 110,INFINITE
472313,472313020,472313020,BANK 110,INFINITE
472313,472313021,472313999,BANK 110,INFINITE
472419,472419000,472419000,BANK 111,PLATINUM
472419,472419000,472419999,BANK 111,PLATINUM
472432,472432000,472432001,BANK 112,PLATINUM
472432,472432002,472432999,BANK 112,PLATINUM
472446,472446000,472446889,BANK 56,INFINITE
472446,472446890,472446890,BANK 56,INFINITE
472446,472446891,472446999,BANK 56,INFINITE
472480,472480000,472480584,BANK 8,INFINITE
472480,472480585,472480586,BANK 8,INFINITE
472480,472480587,472480611,BANK 8,INFINITE
472480,472480612,472480612,BANK 8,INFINITE
472480,472480613,472480721,BANK 8,INFINITE
472480,472480722,472480722,BANK 8,INFINITE
472480,472480723,472480999,BANK 8,INFINITE
472489,472489000,472489001,BANK 105,PLATINUM
472489,472489002,472489999,BANK 105,PLATINUM
473831,473831000,473831778,BANK 113,PLATINUM
473831,473831778,473831778,BANK 113,PLATINUM
473831,473831778,473831999,BANK 113,PLATINUM
473832,473832000,473832887,BANK 113,INFINITE
473832,473832887,473832887,BANK 113,INFINITE
473832,473832887,473832999,BANK 113,INFINITE
473847,473847000,473847009,BANK 114,PLATINUM
473847,473847010,473847010,BANK 114,PLATINUM
473847,473847011,473847999,BANK 114,PLATINUM
473848,473848000,473848009,BANK 114,INFINITE
473848,473848010,473848010,BANK 114,INFINITE
473848,473848011,473848999,BANK 114,INFINITE
473850,473850000,473850999,BANK 38,INFINITE
473863,473863000,473863769,BANK 115,PLATINUM
473863,473863770,473863779,BANK 115,PLATINUM
473863,473863780,473863999,BANK 115,PLATINUM
474218,474218000,474218029,BANK 29,PLATINUM
474218,474218030,474218199,BANK 29,PLATINUM
474218,474218200,474218999,BANK 29,PLATINUM
475098,475098000,475098000,BANK 64,INFINITE
475098,475098001,475098409,BANK 64,INFINITE
475098,475098410,475098410,BANK 64,INFINITE
475098,475098411,475098419,BANK 64,INFINITE
475098,475098420,475098420,BANK 64,INFINITE
475098,475098421,475098429,BANK 64,INFINITE
475098,475098430,475098430,BANK 64,INFINITE
475098,475098431,475098439,BANK 64,INFINITE
475098,475098440,475098440,BANK 64,INFINITE
475098,475098441,475098449,BANK 64,INFINITE
475098,475098450,475098450,BANK 64,INFINITE
475098,475098451,475098459,BANK 64,INFINITE
475098,475098460,475098460,BANK 64,INFINITE
475098,475098461,475098469,BANK 64,INFINITE
475098,475098470,475098470,BANK 64,INFINITE
475098,475098471,475098479,BANK 64,INFINITE
475098,475098480,475098480,BANK 64,INFINITE
475098,475098481,475098489,BANK 64,INFINITE
475098,475098490,475098490,BANK 64,INFINITE
475098,475098491,475098500,BANK 64,INFINITE
475098,475098500,475098500,BANK 64,INFINITE
475098,475098500,475098510,BANK 64,INFINITE
475098,475098510,475098510,BANK 64,INFINITE
475098,475098510,475098519,BANK 64,INFINITE
475098,475098520,475098520,BANK 64,INFINITE
475098,475098521,475098530,BANK 64,INFINITE
475098,475098530,475098530,BANK 64,INFINITE
475098,475098530,475098540,BANK 64,INFINITE
475098,475098540,475098540,BANK 64,INFINITE
475098,475098540,475098549,BANK 64,INFINITE
475098,475098550,475098550,BANK 64,INFINITE
475098,475098551,475098560,BANK 64,INFINITE
475098,475098560,475098560,BANK 64,INFINITE
475098,475098560,475098570,BANK 64,INFINITE
475098,475098570,475098570,BANK 64,INFINITE
475098,475098570,475098580,BANK 64,INFINITE
475098,475098580,475098580,BANK 64,INFINITE
475098,475098580,475098590,BANK 64,INFINITE
475098,475098590,475098590,BANK 64,INFINITE
475098,475098590,475098599,BANK 64,INFINITE
475098,475098600,475098600,BANK 64,INFINITE
475098,475098601,475098609,BANK 64,INFINITE
475098,475098610,475098610,BANK 64,INFINITE
475098,475098611,475098620,BANK 64,INFINITE
475098,475098620,475098620,BANK 64,INFINITE
475098,475098620,475098629,BANK 64,INFINITE
475098,475098630,475098630,BANK 64,INFINITE
475098,475098631,475098640,BANK 64,INFINITE
475098,475098640,475098640,BANK 64,INFINITE
475098,475098640,475098649,BANK 64,INFINITE
475098,475098650,475098650,BANK 64,INFINITE
475098,475098651,475098660,BANK 64,INFINITE
475098,475098660,475098660,BANK 64,INFINITE
475098,475098660,475098670,BANK 64,INFINITE
475098,475098670,475098670,BANK 64,INFINITE
475098,475098670,475098679,BANK 64,INFINITE
475098,475098680,475098680,BANK 64,INFINITE
475098,475098681,475098689,BANK 64,INFINITE
475098,475098690,475098690,BANK 64,INFINITE
475098,475098691,475098699,BANK 64,INFINITE
475098,475098700,475098700,BANK 64,INFINITE
475098,475098701,475098709,BANK 64,INFINITE
475098,475098710,475098710,BANK 64,INFINITE
475098,475098711,475098719,BANK 64,INFINITE
475098,475098720,475098720,BANK 64,INFINITE
475098,475098721,475098729,BANK 64,INFINITE
475098,475098730,475098730,BANK 64,INFINITE
475098,475098731,475098739,BANK 64,INFINITE
475098,475098740,475098740,BANK 64,INFINITE
475098,475098741,475098749,BANK 64,INFINITE
475098,475098750,475098750,BANK 64,INFINITE
475098,475098751,475098759,BANK 64,INFINITE
475098,475098760,475098760,BANK 64,INFINITE
475098,475098761,475098769,BANK 64,INFINITE
475098,475098770,475098770,BANK 64,INFINITE
475098,475098771,475098779,BANK 64,INFINITE
475098,475098780,475098780,BANK 64,INFINITE
475098,475098781,475098790,BANK 64,INFINITE
475098,475098790,475098790,BANK 64,INFINITE
475098,475098790,475098799,BANK 64,INFINITE
475098,475098800,475098800,BANK 64,INFINITE
475098,475098801,475098809,BANK 64,INFINITE
475098,475098810,475098810,BANK 64,INFINITE
475098,475098811,475098819,BANK 64,INFINITE
475098,475098820,475098820,BANK 64,INFINITE
475098,475098821,475098829,BANK 64,INFINITE
475098,475098830,475098830,BANK 64,INFINITE
475098,475098831,475098839,BANK 64,INFINITE
475098,475098840,475098840,BANK 64,INFINITE
475098,475098841,475098850,BANK 64,INFINITE
475098,475098850,475098850,BANK 64,INFINITE
475098,475098850,475098859,BANK 64,INFINITE
475098,475098860,475098860,BANK 64,INFINITE
475098,475098861,475098869,BANK 64,INFINITE
475098,475098870,475098870,BANK 64,INFINITE
475098,475098871,475098879,BANK 64,INFINITE
475098,475098880,475098880,BANK 64,INFINITE
475098,475098881,475098889,BANK 64,INFINITE
475098,475098890,475098890,BANK 64,INFINITE
475098,475098891,475098899,BANK 64,INFINITE
475098,475098900,475098900,BANK 64,INFINITE
475098,475098901,475098909,BANK 64,INFINITE
475098,475098910,475098910,BANK 64,INFINITE
475098,475098911,475098919,BANK 64,INFINITE
475098,475098920,475098920,BANK 64,INFINITE
475098,475098921,475098930,BANK 64,INFINITE
475098,475098930,475098930,BANK 64,INFINITE
475098,475098930,475098940,BANK 64,INFINITE
475098,475098940,475098940,BANK 64,INFINITE
475098,475098940,475098950,BANK 64,INFINITE
475098,475098950,475098950,BANK 64,INFINITE
475098,475098950,475098960,BANK 64,INFINITE
475098,475098960,475098960,BANK 64,INFINITE
475098,475098960,475098970,BANK 64,INFINITE
475098,475098970,475098970,BANK 64,INFINITE
475098,475098970,475098980,BANK 64,INFINITE
475098,475098980,475098980,BANK 64,INFINITE
475098,475098980,475098990,BANK 64,INFINITE
475098,475098990,475098990,BANK 64,INFINITE
475098,475098990,475098999,BANK 64,INFINITE
476296,476296000,476296001,BANK 116,PLATINUM
476296,476296001,476296001,BANK 116,PLATINUM
476296,476296002,476296999,BANK 116,PLATINUM
476804,476804000,476804363,BANK 27,SIGNATURE
476804,476804364,476804384,BANK 27,SIGNATURE
476804,476804385,476804999,BANK 27,SIGNATURE
476953,476953000,476953000,BANK 117,INFINITE
476953,476953001,476953001,BANK 117,INFINITE
476953,476953002,476953999,BANK 117,INFINITE
476989,476989000,476989000,BANK 22,SIGNATURE
476989,476989001,476989999,BANK 22,SIGNATURE
477710,477710000,477710000,BANK 39,INFINITE
477710,477710001,477710001,BANK 39,INFINITE
477710,477710002,477710999,BANK 39,INFINITE
478273,478273000,478273039,BANK 102,SIGNATURE
478273,478273040,478273040,BANK 102,SIGNATURE
478273,478273041,478273329,BANK 102,SIGNATURE
478273,478273330,478273330,BANK 102,SIGNATURE
478273,478273331,478273662,BANK 102,SIGNATURE
478273,478273663,478273663,BANK 102,SIGNATURE
478273,478273664,478273749,BANK 102,SIGNATURE
478273,478273750,478273750,BANK 102,SIGNATURE
478273,478273751,478273999,BANK 102,SIGNATURE
478387,478387000,478387000,BANK 37,INFINITE
478387,478387001,478387999,BANK 37,INFINITE
479004,479004000,479004219,BANK 34,PLATINUM
479004,479004220,479004220,BANK 34,PLATINUM
479004,479004221,479004229,BANK 34,PLATINUM
479004,479004230,479004250,BANK 34,PLATINUM
479004,479004251,479004251,BANK 34,PLATINUM
479004,479004252,479004252,BANK 34,PLATINUM
479004,479004253,479004254,BANK 34,PLATINUM
479004,479004255,479004255,BANK 34,PLATINUM
479004,479004256,479004299,BANK 34,PLATINUM
479004,479004300,479004309,BANK 34,PLATINUM
479004,479004310,479004879,BANK 34,PLATINUM
479004,479004880,479004881,BANK 34,PLATINUM
479004,479004882,479004883,BANK 34,PLATINUM
479004,479004884,479004889,BANK 34,PLATINUM
479004,479004890,479004999,BANK 34,PLATINUM
479087,479087000,479087009,BANK 34,PLATINUM
479087,479087010,479087199,BANK 34,PLATINUM
479087,479087200,479087200,BANK 34,PLATINUM
479087,479087201,479087204,BANK 34,PLATINUM
479087,479087205,479087209,BANK 34,PLATINUM
479087,479087210,479087217,BANK 34,PLATINUM
479087,479087218,479087218,BANK 34,PLATINUM
479087,479087219,479087219,BANK 34,PLATINUM
479087,479087220,479087220,BANK 34,PLATINUM
479087,479087221,479087229,BANK 34,PLATINUM
479087,479087230,479087249,BANK 34,PLATINUM
479087,479087250,479087299,BANK 34,PLATINUM
479087,479087400,479087687,BANK 34,PLATINUM
479087,479087688,479087688,BANK 34,PLATINUM
479087,479087689,479087696,BANK 34,PLATINUM
479087,479087697,479087698,BANK 34,PLATINUM
479087,479087699,479087879,BANK 34,PLATINUM
479087,479087880,479087880,BANK 34,PLATINUM
479087,479087881,479087885,BANK 34,PLATINUM
479087,479087886,479087889,BANK 34,PLATINUM
479087,479087890,479087999,BANK 34,PLATINUM
479333,479333000,479333709,BANK 118,PLATINUM
479333,479333710,479333710,BANK 118,PLATINUM
479333,479333711,479333714,BANK 118,PLATINUM
479333,479333715,479333720,BANK 118,PLATINUM
479333,479333721,479333724,BANK 118,PLATINUM
479333,479333725,479333730,BANK 118,PLATINUM
479333,479333731,479333736,BANK 118,PLATINUM
479333,479333737,479333749,BANK 118,PLATINUM
479333,479333750,479333999,BANK 118,PLATINUM
479334,479334000,479334709,BANK 118,INFINITE
479334,479334710,479334714,BANK 118,INFINITE
479334,479334715,479334749,BANK 118,INFINITE
479334,479334750,479334999,BANK 118,INFINITE
479771,479771000,479771319,BANK 119,PLATINUM
479771,479771320,479771329,BANK 119,PLATINUM
479771,479771330,479771699,BANK 119,PLATINUM
479771,479771700,479771719,BANK 119,PLATINUM
479771,479771720,479771999,BANK 119,PLATINUM
479788,479788000,479788709,BANK 119,INFINITE
479788,479788710,479788719,BANK 119,INFINITE
479788,479788720,479788999,BANK 119,INFINITE
480122,480122000,480122113,BANK 25,INFINITE
480122,480122114,480122114,BANK 25,INFINITE
480122,480122115,480122999,BANK 25,INFINITE
481202,481202000,481202000,BANK 120,PLATINUM
481202,481202000,481202999,BANK 120,PLATINUM
481779,481779000,481779009,BANK 52,SIGNATURE
481779,481779010,481779999,BANK 52,SIGNATURE
481781,481781000,481781009,BANK 52,SIGNATURE
481781,481781010,481781999,BANK 52,SIGNATURE
483015,483015000,483015999,BANK 38,INFINITE
483176,483176000,483176042,BANK 37,SIGNATURE
483176,483176043,483176374,BANK 37,SIGNATURE
483176,483176375,483176999,BANK 37,SIGNATURE
483177,483177000,483177042,BANK 37,SIGNATURE
483177,483177043,483177374,BANK 37,SIGNATURE
483177,483177375,483177999,BANK 37,SIGNATURE
483983,483983000,483983001,BANK 52,INFINITE
483983,483983002,483983999,BANK 52,INFINITE
483990,483990000,483990983,BANK 19,PLATINUM
483990,483990984,483990984,BANK 19,PLATINUM
483990,483990985,483990999,BANK 19,PLATINUM
483993,483993000,483993001,BANK 67,INFINITE
483993,483993002,483993009,BANK 67,INFINITE
483993,483993010,483993010,BANK 67,INFINITE
483993,483993011,483993015,BANK 67,INFINITE
483993,483993016,483993999,BANK 67,INFINITE
484800,484800000,484800099,BANK 17,INFINITE
484800,484800100,484800100,BANK 17,INFINITE
484800,484800101,484800101,BANK 17,INFINITE
484800,484800102,484800102,BANK 17,INFINITE
484800,484800103,484800999,BANK 17,INFINITE
485071,485071000,485071424,BANK 49,INFINITE
485071,485071425,485071439,BANK 49,INFINITE
485071,485071440,485071999,BANK 49,INFINITE
485467,485467000,485467999,BANK 38,PLATINUM
485471,485471000,485471014,BANK 103,INFINITE
485471,485471015,485471015,BANK 103,INFINITE
485471,485471016,485471999,BANK 103,INFINITE
486065,486065000,486065023,BANK 37,PLATINUM
486065,486065024,486065024,BANK 37,PLATINUM
486065,486065025,486065051,BANK 37,PLATINUM
486065,486065052,486065052,BANK 37,PLATINUM
486065,486065053,486065100,BANK 37,PLATINUM
486065,486065101,486065101,BANK 37,PLATINUM
486065,486065102,486065104,BANK 37,PLATINUM
486065,486065105,486065305,BANK 37,PLATINUM
486065,486065306,486065999,BANK 37,PLATINUM
486825,486825000,486825000,BANK 121,PLATINUM
486825,486825000,486825001,BANK 121,PLATINUM
486825,486825001,486825001,BANK 121,PLATINUM
486825,486825001,486825002,BANK 121,PLATINUM
486825,486825002,486825999,BANK 121,PLATINUM
487417,487417000,487417000,BANK 15,SIGNATURE
487417,487417001,487417010,BANK 15,SIGNATURE
487417,487417011,487417012,BANK 15,SIGNATURE
487417,487417013,487417013,BANK 15,SIGNATURE
487417,487417014,487417014,BANK 15,SIGNATURE
487417,487417015,487417016,BANK 15,SIGNATURE
487417,487417017,487417017,BANK 15,SIGNATURE
487417,487417018,487417020,BANK 15,SIGNATURE
487417,487417021,487417021,BANK 15,SIGNATURE
487417,487417022,487417033,BANK 15,SIGNATURE
487417,487417034,487417036,BANK 15,SIGNATURE
487417,487417037,487417038,BANK 15,SIGNATURE
487417,487417039,487417039,BANK 15,SIGNATURE
487417,487417040,487417041,BANK 15,SIGNATURE
487417,487417042,487417042,BANK 15,SIGNATURE
487417,487417043,487417043,BANK 15,SIGNATURE
487417,487417044,487417044,BANK 15,SIGNATURE
487417,487417045,487417045,BANK 15,SIGNATURE
487417,487417046,487417048,BANK 15,SIGNATURE
487417,487417049,487417051,BANK 15,SIGNATURE
487417,487417052,487417052,BANK 15,SIGNATURE
487417,487417053,487417056,BANK 15,SIGNATURE
487417,487417057,487417059,BANK 15,SIGNATURE
487417,487417060,487417094,BANK 15,SIGNATURE
487417,487417095,487417095,BANK 15,SIGNATURE
487417,487417096,487417099,BANK 15,SIGNATURE
489008,489008000,489008109,BANK 122,PLATINUM
489008,489008110,489008110,BANK 122,PLATINUM
489008,489008111,489008999,BANK 122,PLATINUM
489099,489099000,489099000,BANK 56,PLATINUM
489099,489099001,489099199,BANK 56,PLATINUM
489099,489099201,489099399,BANK 56,PLATINUM
489099,489099401,489099499,BANK 56,PLATINUM
489099,489099501,489099999,BANK 56,PLATINUM
489196,489196000,489196010,BANK 123,INFINITE
489196,489196011,489196011,BANK 123,INFINITE
489196,489196012,489196018,BANK 123,INFINITE
489196,489196019,489196019,BANK 123,INFINITE
489196,489196020,489196999,BANK 123,INFINITE
489197,489197000,489197010,BANK 123,PLATINUM
489197,489197011,489197011,BANK 123,PLATINUM
489197,489197012,489197018,BANK 123,PLATINUM
489197,489197019,489197019,BANK 123,PLATINUM
489197,489197020,489197999,BANK 123,PLATINUM
489348,489348000,489348000,BANK 22,INFINITE
489348,489348001,489348999,BANK 22,INFINITE
489350,489350000,489350000,BANK 22,PLATINUM
489350,489350004,489350010,BANK 22,PLATINUM
489350,489350012,489350999,BANK 22,PLATINUM
492448,492448000,492448999,BANK 38,SIGNATURE
479087,479087300,479087399,BANK 34,PLATINUM
489350,489350003,489350003,BANK 124,PLATINUM
458443,458443277,458443277,BANK 34,PLATINUM
400079,400079347,400079347,BANK 1,PLATINUM
400079,400079351,400079351,BANK 1,PLATINUM
400079,400079529,400079529,BANK 1,PLATINUM
403780,403780001,403780001,BANK 12,PLATINUM
404266,404266905,404266905,BANK 16,PLATINUM
404266,404266906,404266906,BANK 16,PLATINUM
404266,404266915,404266915,BANK 16,PLATINUM
404885,404885513,404885514,BANK 20,PLATINUM
408396,408396203,408396203,BANK 34,PLATINUM
431099,431099010,431099019,BANK 125,PLATINUM
436865,436865002,436865100,BANK 126,PLATINUM
437772,437772374,437772378,BANK 127,PLATINUM
437773,437773142,437773144,BANK 127,PLATINUM
446098,446098450,446098454,BANK 74,PLATINUM
446098,446098455,446098455,BANK 74,PLATINUM
446915,446915700,446915799,BANK 74,PLATINUM
459230,459230150,459230150,BANK 126,PLATINUM
462235,462235003,462235004,BANK 124,PLATINUM
462235,462235701,462235701,BANK 124,PLATINUM
462703,462703400,462703499,BANK 6,PLATINUM
462704,462704120,462704120,BANK 6,PLATINUM
462704,462704190,462704190,BANK 6,PLATINUM
462704,462704400,462704499,BANK 6,PLATINUM
465008,465008001,465008009,BANK 43,PLATINUM
477908,477908350,477908999,BANK 29,PLATINUM
477986,477986380,477986999,BANK 29,PLATINUM
489099,489099400,489099400,BANK 56,PLATINUM
489350,489350001,489350002,BANK 124,PLATINUM
422163,422163000,422163999,BANK 28,PLATINUM
480099,480099000,480099999,BANK 128,PLATINUM
479578,479578000,479578999,BANK 128,PLATINUM
479579,479579000,479579999,BANK 128,PLATINUM
479580,479580000,479580999,BANK 128,PLATINUM
479581,479581000,479581999,BANK 128,PLATINUM
479582,479582000,479582999,BANK 128,PLATINUM
479583,479583000,479583999,BANK 128,PLATINUM
480086,480086000,480086999,BANK 128,PLATINUM
480087,480087000,480087999,BANK 128,PLATINUM
480088,480088000,480088999,BANK 128,PLATINUM
480106,480106000,480106999,BANK 128,PLATINUM
480110,480110000,480110999,BANK 128,PLATINUM
480114,480114000,480114999,BANK 128,PLATINUM
480623,480623000,480623999,BANK 128,PLATINUM
